,,"Effective federal funds rate (% p.a.), last business day of month",Wu-Xia shadow federal funds rate (last business day of month),Change,Direction of Change ,,,,,,,,,,
January,1960,4.00,,,,,,,,,,,,,
February,1960,4.00,,,,,,,,,,,,,
March,1960,4.00,,,,,,,,,,,,,
April,1960,4.00,,,,,,,,,,,,,
May,1960,3.50,,,,,,,,,,,,,
June,1960,3.50,,,,,,,,,,,,,
July,1960,3.25,,,,,,,,,,,,,
August,1960,3.00,,,,,,,,,,,,,
September,1960,3.00,,,,,,,,,,,,,
October,1960,2.75,,,,,,,,,,,,,
November,1960,0.25,,,,,,,,,,,,,
December,1960,3.00,,,,,,,,,,,,,
January,1961,2.25,,,,,,,,,,,,,
February,1961,2.00,,,,,,,,,,,,,
March,1961,2.00,,,,,,,,,,,,,
April,1961,0.50,,,,,,,,,,,,,
May,1961,1.00,,,,,,,,,,,,,
June,1961,0.50,,,,,,,,,,,,,
July,1961,2.50,,,,,,,,,,,,,
August,1961,1.75,,,,,,,,,,,,,
September,1961,1.50,,,,,,,,,,,,,
October,1961,2.00,,,,,,,,,,,,,
November,1961,1.75,,,,,,,,,,,,,
December,1961,2.50,,,,,,,,,,,,,
January,1962,1.50,,,,,,,,,,,,,
February,1962,2.75,,,,,,,,,,,,,
March,1962,2.75,,,,,,,,,,,,,
April,1962,2.50,,,,,,,,,,,,,
May,1962,2.75,,,,,,,,,,,,,
June,1962,2.75,,,,,,,,,,,,,
July,1962,2.75,,,,,,,,,,,,,
August,1962,3.00,,,,,,,,,,,,,
September,1962,2.75,,,,,,,,,,,,,
October,1962,3.00,,,,,,,,,,,,,
November,1962,2.88,,,,,,,,,,,,,
December,1962,3.00,,,,,,,,,,,,,
January,1963,3.00,,,,,,,,,,,,,
February,1963,3.00,,,,,,,,,,,,,
March,1963,3.00,,,,,,,,,,,,,
April,1963,3.00,,,,,,,,,,,,,
May,1963,3.00,,,,,,,,,,,,,
June,1963,3.00,,,,,,,,,,,,,
July,1963,3.50,,,,,,,,,,,,,
August,1963,3.50,,,,,,,,,,,,,
September,1963,3.50,,,,,,,,,,,,,
October,1963,3.50,,,,,,,,,,,,,
November,1963,3.50,,,,,,,,,,,,,
December,1963,3.25,,,,,,,,,,,,,
January,1964,3.50,,,,,,,,,,,,,
February,1964,3.50,,,,,,,,,,,,,
March,1964,3.50,,,,,,,,,,,,,
April,1964,3.50,,,,,,,,,,,,,
May,1964,3.50,,,,,,,,,,,,,
June,1964,3.50,,,,,,,,,,,,,
July,1964,3.50,,,,,,,,,,,,,
August,1964,3.50,,,,,,,,,,,,,
September,1964,2.75,,,,,,,,,,,,,
October,1964,3.50,,,,,,,,,,,,,
November,1964,4.00,,,,,,,,,,,,,
December,1964,4.00,,,,,,,,,,,,,
January,1965,4.00,,,,,,,,,,,,,
February,1965,4.00,,,,,,,,,,,,,
March,1965,4.00,,,,,,,,,,,,,
April,1965,4.13,,,,,,,,,,,,,
May,1965,4.13,,,,,,,,,,,,,
June,1965,4.13,,,,,,,,,,,,,
July,1965,4.13,,,,,,,,,,,,,
August,1965,4.00,,,,,,,,,,,,,
September,1965,4.13,,,,,,,,,,,,,
October,1965,4.13,,,,,,,,,,,,,
November,1965,4.13,,,,,,,,,,,,,
December,1965,4.63,,,,,,,,,,,,,
January,1966,4.50,,,,,,,,,,,,,
February,1966,4.63,,,,,,,,,,,,,
March,1966,4.75,,,,,,,,,,,,,
April,1966,4.63,,,,,,,,,,,,,
May,1966,4.75,,,,,,,,,,,,,
June,1966,5.50,,,,,,,,,,,,,
July,1966,5.75,,,,,,,,,,,,,
August,1966,4.50,,,,,,,,,,,,,
September,1966,5.75,,,,,,,,,,,,,
October,1966,5.75,,,,,,,,,,,,,
November,1966,5.75,,,,,,,,,,,,,
December,1966,5.00,,,,,,,,,,,,,
January,1967,4.00,,,,,,,,,,,,,
February,1967,4.75,,,,,,,,,,,,,
March,1967,4.50,,,,,,,,,,,,,
April,1967,4.00,,,,,,,,,,,,,
May,1967,4.13,,,,,,,,,,,,,
June,1967,3.50,,,,,,,,,,,,,
July,1967,3.75,,,,,,,,,,,,,
August,1967,4.00,,,,,,,,,,,,,
September,1967,3.75,,,,,,,,,,,,,
October,1967,4.13,,,,,,,,,,,,,
November,1967,4.50,,,,,,,,,,,,,
December,1967,4.50,,,,,,,,,,,,,
January,1968,4.75,,,,,,,,,,,,,
February,1968,4.75,,,,,,,,,,,,,
March,1968,5.25,,,,,,,,,,,,,
April,1968,6.25,,,,,,,,,,,,,
May,1968,6.13,,,,,,,,,,,,,
June,1968,5.50,,,,,,,,,,,,,
July,1968,6.00,,,,,,,,,,,,,
August,1968,5.75,,,,,,,,,,,,,
September,1968,5.50,,,,,,,,,,,,,
October,1968,6.00,,,,,,,,,,,,,
November,1968,6.00,,,,,,,,,,,,,
December,1968,4.00,,,,,,,,,,,,,
January,1969,6.38,,,,,,,,,,,,,
February,1969,7.00,,,,,,,,,,,,,
March,1969,6.25,,,,,,,,,,,,,
April,1969,8.00,,,,,,,,,,,,,
May,1969,9.38,,,,,,,,,,,,,
June,1969,7.50,,,,,,,,,,,,,
July,1969,8.75,,,,,,,,,,,,,
August,1969,9.75,,,,,,,,,,,,,
September,1969,8.50,,,,,,,,,,,,,
October,1969,9.00,,,,,,,,,,,,,
November,1969,9.25,,,,,,,,,,,,,
December,1969,5.00,,,,,,,,,,,,,
January,1970,9.38,,,,,,,,,,,,,
February,1970,8.50,,,,,,,,,,,,,
March,1970,7.50,,,,,,,,,,,,,
April,1970,8.50,,,,,,,,,,,,,
May,1970,7.88,,,,,,,,,,,,,
June,1970,5.75,,,,,,,,,,,,,
July,1970,6.75,,,,,,,,,,,,,
August,1970,6.50,,,,,,,,,,,,,
September,1970,5.00,,,,,,,,,,,,,
October,1970,6.13,,,,,,,,,,,,,
November,1970,5.50,,,,,,,,,,,,,
December,1970,3.00,,,,,,,,,,,,,
January,1971,4.00,,,,,,,,,,,,,
February,1971,3.38,,,,,,,,,,,,,
March,1971,4.50,,,,,,,,,,,,,
April,1971,4.25,,,,,,,,,,,,,
May,1971,4.88,,,,,,,,,,,,,
June,1971,4.75,,,,,,,,,,,,,
July,1971,5.50,,,,,,,,,,,,,
August,1971,5.75,,,,,,,,,,,,,
September,1971,5.38,,,,,,,,,,,,,
October,1971,5.13,,,,,,,,,,,,,
November,1971,4.25,,,,,,,,,,,,,
December,1971,3.00,,,,,,,,,,,,,
January,1972,3.13,,,,,,,,,,,,,
February,1972,3.25,,,,,,,,,,,,,
March,1972,4.00,,,,,,,,,,,,,
April,1972,4.31,,,,,,,,,,,,,
May,1972,4.75,,,,,,,,,,,,,
June,1972,4.50,,,,,,,,,,,,,
July,1972,4.50,,,,,,,,,,,,,
August,1972,5.13,,,,,,,,,,,,,
September,1972,4.88,,,,,,,,,,,,,
October,1972,4.88,,,,,,,,,,,,,
November,1972,5.19,,,,,,,,,,,,,
December,1972,5.50,,,,,,,,,,,,,
January,1973,6.50,,,,,,,,,,,,,
February,1973,7.50,,,,,,,,,,,,,
March,1973,7.38,,,,,,,,,,,,,
April,1973,7.63,,,,,,,,,,,,,
May,1973,8.13,,,,,,,,,,,,,
June,1973,8.88,,,,,,,,,,,,,
July,1973,11.22,,,,,,,,,,,,,
August,1973,11.22,,,,,,,,,,,,,
September,1973,10.82,,,,,,,,,,,,,
October,1973,10.61,,,,,,,,,,,,,
November,1973,10.34,,,,,,,,,,,,,
December,1973,9.83,,,,,,,,,,,,,
January,1974,9.31,,,,,,,,,,,,,
February,1974,8.87,,,,,,,,,,,,,
March,1974,9.95,,,,,,,,,,,,,
April,1974,11.00,,,,,,,,,,,,,
May,1974,11.64,,,,,,,,,,,,,
June,1974,13.31,,,,,,,,,,,,,
July,1974,12.06,,,,,,,,,,,,,
August,1974,11.60,,,,,,,,,,,,,
September,1974,11.11,,,,,,,,,,,,,
October,1974,9.66,,,,,,,,,,,,,
November,1974,9.47,,,,,,,,,,,,,
December,1974,3.87,,,,,,,,,,,,,
January,1975,6.76,,,,,,,,,,,,,
February,1975,6.07,,,,,,,,,,,,,
March,1975,5.39,,,,,,,,,,,,,
April,1975,7.03,,,,,,,,,,,,,
May,1975,5.23,,,,,,,,,,,,,
June,1975,5.97,,,,,,,,,,,,,
July,1975,6.23,,,,,,,,,,,,,
August,1975,6.13,,,,,,,,,,,,,
September,1975,6.22,,,,,,,,,,,,,
October,1975,5.65,,,,,,,,,,,,,
November,1975,5.29,,,,,,,,,,,,,
December,1975,5.37,,,,,,,,,,,,,
January,1976,4.84,,,,,,,,,,,,,
February,1976,4.89,,,,,,,,,,,,,
March,1976,5.07,,,,,,,,,,,,,
April,1976,5.10,,,,,,,,,,,,,
May,1976,5.67,,,,,,,,,,,,,
June,1976,5.71,,,,,,,,,,,,,
July,1976,5.32,,,,,,,,,,,,,
August,1976,5.31,,,,,,,,,,,,,
September,1976,5.31,,,,,,,,,,,,,
October,1976,5.02,,,,,,,,,,,,,
November,1976,4.69,,,,,,,,,,,,,
December,1976,4.17,,,,,,,,,,,,,
January,1977,4.65,,,,,,,,,,,,,
February,1977,4.73,,,,,,,,,,,,,
March,1977,4.72,,,,,,,,,,,,,
April,1977,5.12,,,,,,,,,,,,,
May,1977,5.47,,,,,,,,,,,,,
June,1977,5.64,,,,,,,,,,,,,
July,1977,5.86,,,,,,,,,,,,,
August,1977,6.03,,,,,,,,,,,,,
September,1977,6.46,,,,,,,,,,,,,
October,1977,6.60,,,,,,,,,,,,,
November,1977,6.56,,,,,,,,,,,,,
December,1977,6.53,,,,,,,,,,,,,
January,1978,6.79,,,,,,,,,,,,,
February,1978,6.83,,,,,,,,,,,,,
March,1978,6.97,,,,,,,,,,,,,
April,1978,7.25,,,,,,,,,,,,,
May,1978,7.43,,,,,,,,,,,,,
June,1978,8.01,,,,,,,,,,,,,
July,1978,8.00,,,,,,,,,,,,,
August,1978,8.40,,,,,,,,,,,,,
September,1978,8.90,,,,,,,,,,,,,
October,1978,9.35,,,,,,,,,,,,,
November,1978,9.94,,,,,,,,,,,,,
December,1978,10.84,,,,,,,,,,,,,
January,1979,10.57,,,,,,,,,,,,,
February,1979,10.24,,,,,,,,,,,,,
March,1979,10.07,,,,,,,,,,,,,
April,1979,10.43,,,,,,,,,,,,,
May,1979,10.31,,,,,,,,,,,,,
June,1979,10.54,,,,,,,,,,,,,
July,1979,10.81,,,,,,,,,,,,,
August,1979,11.29,,,,,,,,,,,,,
September,1979,12.16,,,,,,,,,,,,,
October,1979,14.82,,,,,,,,,,,,,
November,1979,13.96,,,,,,,,,,,,,
December,1979,14.77,,,,,,,,,,,,,
January,1980,13.40,,,,,,,,,,,,,
February,1980,16.33,,,,,,,,,,,,,
March,1980,19.85,,,,,,,,,,,,,
April,1980,14.64,,,,,,,,,,,,,
May,1980,11.06,,,,,,,,,,,,,
June,1980,10.44,,,,,,,,,,,,,
July,1980,9.93,,,,,,,,,,,,,
August,1980,10.74,,,,,,,,,,,,,
September,1980,13.19,,,,,,,,,,,,,
October,1980,13.77,,,,,,,,,,,,,
November,1980,18.56,,,,,,,,,,,,,
December,1980,22.00,,,,,,,,,,,,,
January,1981,17.25,,,,,,,,,,,,,
February,1981,15.53,,,,,,,,,,,,,
March,1981,14.63,,,,,,,,,,,,,
April,1981,18.92,,,,,,,,,,,,,
May,1981,17.56,,,,,,,,,,,,,
June,1981,18.64,,,,,,,,,,,,,
July,1981,17.46,,,,,,,,,,,,,
August,1981,16.83,,,,,,,,,,,,,
September,1981,16.58,,,,,,,,,,,,,
October,1981,14.44,,,,,,,,,,,,,
November,1981,12.44,,,,,,,,,,,,,
December,1981,13.13,,,,,,,,,,,,,
January,1982,14.21,,,,,,,,,,,,,
February,1982,13.74,,,,,,,,,,,,,
March,1982,16.80,,,,,,,,,,,,,
April,1982,15.28,,,,,,,,,,,,,
May,1982,13.38,,,,,,,,,,,,,
June,1982,14.58,,,,,,,,,,,,,
July,1982,11.41,,,,,,,,,,,,,
August,1982,10.63,,,,,,,,,,,,,
September,1982,12.17,,,,,,,,,,,,,
October,1982,9.41,,,,,,,,,,,,,
November,1982,8.93,,,,,,,,,,,,,
December,1982,11.20,,,,,,,,,,,,,
January,1983,8.56,,,,,,,,,,,,,
February,1983,8.53,,,,,,,,,,,,,
March,1983,10.81,,,,,,,,,,,,,
April,1983,8.84,,,,,,,,,,,,,
May,1983,8.94,,,,,,,,,,,,,
June,1983,10.06,,,,,,,,,,,,,
July,1983,9.52,,,,,,,,,,,,,
August,1983,9.59,,,,,,,,,,,,,
September,1983,10.59,,,,,,,,,,,,,
October,1983,9.43,,,,,,,,,,,,,
November,1983,9.34,,,,,,,,,,,,,
December,1983,9.92,,,,,,,,,,,,,
January,1984,9.35,,,,,,,,,,,,,
February,1984,9.45,,,,,,,,,,,,,
March,1984,10.24,,,,,,,,,,,,,
April,1984,10.90,,,,,,,,,,,,,
May,1984,10.81,,,,,,,,,,,,,
June,1984,10.85,,,,,,,,,,,,,
July,1984,11.83,,,,,,,,,,,,,
August,1984,11.64,,,,,,,,,,,,,
September,1984,11.23,,,,,,,,,,,,,
October,1984,9.99,,,,,,,,,,,,,
November,1984,8.92,,,,,,,,,,,,,
December,1984,8.74,,,,,,,,,,,,,
January,1985,8.73,,,,,,,,,,,,,
February,1985,8.74,,,,,,,,,,,,,
March,1985,8.58,,,,,,,,,,,,,
April,1985,8.58,,,,,,,,,,,,,
May,1985,7.64,,,,,,,,,,,,,
June,1985,7.95,,,,,,,,,,,,,
July,1985,8.61,,,,,,,,,,,,,
August,1985,7.80,,,,,,,,,,,,,
September,1985,8.84,,,,,,,,,,,,,
October,1985,8.08,,,,,,,,,,,,,
November,1985,8.54,,,,,,,,,,,,,
December,1985,13.46,,,,,,,,,,,,,
January,1986,8.09,,,,,,,,,,,,,
February,1986,7.95,,,,,,,,,,,,,
March,1986,8.06,,,,,,,,,,,,,
April,1986,7.05,,,,,,,,,,,,,
May,1986,6.84,,,,,,,,,,,,,
June,1986,7.72,,,,,,,,,,,,,
July,1986,6.35,,,,,,,,,,,,,
August,1986,5.77,,,,,,,,,,,,,
September,1986,6.90,,,,,,,,,,,,,
October,1986,5.93,,,,,,,,,,,,,
November,1986,6.03,,,,,,,,,,,,,
December,1986,14.35,,,,,,,,,,,,,
January,1987,6.28,,,,,,,,,,,,,
February,1987,6.02,,,,,,,,,,,,,
March,1987,6.23,,,,,,,,,,,,,
April,1987,7.63,,,,,,,,,,,,,
May,1987,6.63,,,,,,,,,,,,,
June,1987,6.56,,,,,,,,,,,,,
July,1987,6.75,,,,,,,,,,,,,
August,1987,6.95,,,,,,,,,,,,,
September,1987,8.38,,,,,,,,,,,,,
October,1987,6.62,,,,,,,,,,,,,
November,1987,7.19,,,,,,,,,,,,,
December,1987,6.89,,,,,,,,,,,,,
January,1988,6.79,,,,,,,,,,,,,
February,1988,6.67,,,,,,,,,,,,,
March,1988,6.83,,,,,,,,,,,,,
April,1988,6.98,,,,,,,,,,,,,
May,1988,7.48,,,,,,,,,,,,,
June,1988,8.27,,,,,,,,,,,,,
July,1988,7.84,,,,,,,,,,,,,
August,1988,8.14,,,,,,,,,,,,,
September,1988,8.54,,,,,,,,,,,,,
October,1988,8.39,,,,,,,,,,,,,
November,1988,8.50,,,,,,,,,,,,,
December,1988,9.04,,,,,,,,,,,,,
January,1989,9.14,,,,,,,,,,,,,
February,1989,9.87,,,,,,,,,,,,,
March,1989,9.79,,,,,,,,,,,,,
April,1989,9.82,,,,,,,,,,,,,
May,1989,10.48,,,,,,,,,,,,,
June,1989,9.63,,,,,,,,,,,,,
July,1989,8.94,,,,,,,,,,,,,
August,1989,8.92,,,,,,,,,,,,,
September,1989,9.24,,,,,,,,,,,,,
October,1989,8.89,,,,,,,,,,,,,
November,1989,8.60,,,,,,,,,,,,,
December,1989,7.97,,,,,,,,,,,,,
January,1990,8.26,,,,,,,,,,,,,
February,1990,8.29,,,,,,,,,,,,,
March,1990,8.30,,,,,,,,,,,,,
April,1990,8.23,,,,,,,,,,,,,
May,1990,8.23,,,,,,,,,,,,,
June,1990,8.32,,,,,,,,,,,,,
July,1990,8.05,,,,,,,,,,,,,
August,1990,8.06,,,,,,,,,,,,,
September,1990,8.03,,,,,,,,,,,,,
October,1990,9.52,,,,,,,,,,,,,
November,1990,7.61,,,,,,,,,,,,,
December,1990,5.53,,,,,,,,,,,,,
January,1991,8.18,,,,,,,,,,,,,
February,1991,6.99,,,,,,,,,,,,,
March,1991,5.53,,,,,,,,,,,,,
April,1991,5.98,,,,,,,,,,,,,
May,1991,5.92,,,,,,,,,,,,,
June,1991,6.74,,,,,,,,,,,,,
July,1991,5.85,,,,,,,,,,,,,
August,1991,5.50,,,,,,,,,,,,,
September,1991,5.60,,,,,,,,,,,,,
October,1991,5.23,,,,,,,,,,,,,
November,1991,4.86,,,,,,,,,,,,,
December,1991,4.09,,,,,,,,,,,,,
January,1992,4.40,,,,,,,,,,,,,
February,1992,4.13,,,,,,,,,,,,,
March,1992,4.07,,,,,,,,,,,,,
April,1992,3.85,,,,,,,,,,,,,
May,1992,3.80,,,,,,,,,,,,,
June,1992,4.53,,,,,,,,,,,,,
July,1992,3.37,,,,,,,,,,,,,
August,1992,3.51,,,,,,,,,,,,,
September,1992,4.47,,,,,,,,,,,,,
October,1992,3.04,,,,,,,,,,,,,
November,1992,3.45,,,,,,,,,,,,,
December,1992,2.66,,,,,,,,,,,,,
January,1993,3.02,,,,,,,,,,,,,
February,1993,3.18,,,,,,,,,,,,,
March,1993,3.83,,,,,,,,,,,,,
April,1993,3.01,,,,,,,,,,,,,
May,1993,3.02,,,,,,,,,,,,,
June,1993,3.92,,,,,,,,,,,,,
July,1993,3.07,,,,,,,,,,,,,
August,1993,3.19,,,,,,,,,,,,,
September,1993,3.99,,,,,,,,,,,,,
October,1993,3.03,,,,,,,,,,,,,
November,1993,3.16,,,,,,,,,,,,,
December,1993,2.85,,,,,,,,,,,,,
January,1994,3.05,,,,,,,,,,,,,
February,1994,3.25,,0.07,1,,,,,,,,,,
March,1994,3.34,,0.03,1,,,,,,,,,,
April,1994,3.56,,0.07,1,,,,,,,,,,
May,1994,4.01,,0.13,1,,,,,,,,,,
June,1994,4.25,,0.06,1,,,,,,,,,,
July,1994,4.26,,0.00,1,,,,,,,,,,
August,1994,4.47,,0.05,1,,,,,,,,,,
September,1994,4.73,,0.06,1,,,,,,,,,,
October,1994,4.76,,0.01,1,,,,,,,,,,
November,1994,5.29,,0.11,1,,,,,,,,,,
December,1994,5.45,,0.03,1,,,,,,,,,,
January,1995,5.53,,0.01,1,,,,,,,,,,
February,1995,5.92,,0.07,1,,,,,,,,,,
March,1995,5.98,,0.01,1,,,,,,,,,,
April,1995,6.05,,0.01,1,,,,,,,,,,
May,1995,6.01,,-0.01,-1,,,,,,,,,,
June,1995,6.00,,0.00,-1,,,,,,,,,,
July,1995,5.85,,-0.03,-1,,,,,,,,,,
August,1995,5.74,,-0.02,-1,,,,,,,,,,
September,1995,5.80,,0.01,1,,,,,,,,,,
October,1995,5.76,,-0.01,-1,,,,,,,,,,
November,1995,5.80,,0.01,1,,,,,,,,,,
December,1995,5.60,,-0.03,-1,,,,,,,,,,
January,1996,5.56,,-0.01,-1,,,,,,,,,,
February,1996,5.22,,-0.06,-1,,,,,,,,,,
March,1996,5.31,,0.02,1,,,,,,,,,,
April,1996,5.22,,-0.02,-1,,,,,,,,,,
May,1996,5.24,,0.00,1,,,,,,,,,,
June,1996,5.27,,0.01,1,,,,,,,,,,
July,1996,5.40,,0.02,1,,,,,,,,,,
August,1996,5.22,,-0.03,-1,,,,,,,,,,
September,1996,5.30,,0.02,1,,,,,,,,,,
October,1996,5.24,,-0.01,-1,,,,,,,,,,
November,1996,5.31,,0.01,1,,,,,,,,,,
December,1996,5.29,,0.00,-1,,,,,,,,,,
January,1997,5.25,,-0.01,-1,,,,,,,,,,
February,1997,5.19,,-0.01,-1,,,,,,,,,,
March,1997,5.39,,0.04,1,,,,,,,,,,
April,1997,5.51,,0.02,1,,,,,,,,,,
May,1997,5.50,,0.00,-1,,,,,,,,,,
June,1997,5.56,,0.01,1,,,,,,,,,,
July,1997,5.52,,-0.01,-1,,,,,,,,,,
August,1997,5.54,,0.00,1,,,,,,,,,,
September,1997,5.54,,0.00,0,,,,,,,,,,
October,1997,5.50,,-0.01,-1,,,,,,,,,,
November,1997,5.52,,0.00,1,,,,,,,,,,
December,1997,5.50,,0.00,-1,,,,,,,,,,
January,1998,5.56,,0.01,1,,,,,,,,,,
February,1998,5.51,,-0.01,-1,,,,,,,,,,
March,1998,5.49,,0.00,-1,,,,,,,,,,
April,1998,5.45,,-0.01,-1,,,,,,,,,,
May,1998,5.49,,0.01,1,,,,,,,,,,
June,1998,5.56,,0.01,1,,,,,,,,,,
July,1998,5.54,,0.00,-1,,,,,,,,,,
August,1998,5.55,,0.00,1,,,,,,,,,,
September,1998,5.51,,-0.01,-1,,,,,,,,,,
October,1998,5.07,,-0.08,-1,,,,,,,,,,
November,1998,4.83,,-0.05,-1,,,,,,,,,,
December,1998,4.68,,-0.03,-1,,,,,,,,,,
January,1999,4.63,,-0.01,-1,,,,,,,,,,
February,1999,4.76,,0.03,1,,,,,,,,,,
March,1999,4.81,,0.01,1,,,,,,,,,,
April,1999,4.74,,-0.01,-1,,,,,,,,,,
May,1999,4.74,,0.00,0,,,,,,,,,,
June,1999,4.76,,0.00,1,,,,,,,,,,
July,1999,4.99,,0.05,1,,,,,,,,,,
August,1999,5.07,,0.02,1,,,,,,,,,,
September,1999,5.22,,0.03,1,,,,,,,,,,
October,1999,5.20,,0.00,-1,,,,,,,,,,
November,1999,5.42,,0.04,1,,,,,,,,,,
December,1999,5.30,,-0.02,-1,,,,,,,,,,
January,2000,5.45,,0.03,1,,,,,,,,,,
February,2000,5.73,,0.05,1,,,,,,,,,,
March,2000,5.85,,0.02,1,,,,,,,,,,
April,2000,6.02,,0.03,1,,,,,,,,,,
May,2000,6.27,,0.04,1,,,,,,,,,,
June,2000,6.53,,0.04,1,,,,,,,,,,
July,2000,6.54,,0.00,1,,,,,,,,,,
August,2000,6.50,,-0.01,-1,,,,,,,,,,
September,2000,6.52,,0.00,1,,,,,,,,,,
October,2000,6.51,,0.00,-1,,,,,,,,,,
November,2000,6.51,,0.00,0,,,,,,,,,,
December,2000,6.40,,-0.02,-1,,,,,,,,,,
January,2001,5.98,,-0.07,-1,,,,,,,,,,
February,2001,5.49,,-0.08,-1,,,,,,,,,,
March,2001,5.31,,-0.03,-1,,,,,,,,,,
April,2001,4.80,,-0.10,-1,,,,,,,,,,
May,2001,4.21,,-0.12,-1,,,,,,,,,,
June,2001,3.97,,-0.06,-1,,,,,,,,,,
July,2001,3.77,,-0.05,-1,,,,,,,,,,
August,2001,3.65,,-0.03,-1,,,,,,,,,,
September,2001,3.07,,-0.16,-1,,,,,,,,,,
October,2001,2.49,,-0.19,-1,,,,,,,,,,
November,2001,2.09,,-0.16,-1,,,,,,,,,,
December,2001,1.82,,-0.13,-1,,,,,,,,,,
January,2002,1.73,,-0.05,-1,,,,,,,,,,
February,2002,1.74,,0.01,1,,,,,,,,,,
March,2002,1.73,,-0.01,-1,,,,,,,,,,
April,2002,1.75,,0.01,1,,,,,,,,,,
May,2002,1.75,,0.00,0,,,,,,,,,,
June,2002,1.75,,0.00,0,,,,,,,,,,
July,2002,1.73,,-0.01,-1,,,,,,,,,,
August,2002,1.74,,0.01,1,,,,,,,,,,
September,2002,1.75,,0.01,1,,,,,,,,,,
October,2002,1.75,,0.00,0,,,,,,,,,,
November,2002,1.34,,-0.23,-1,,,,,,,,,,
December,2002,1.24,,-0.07,-1,,,,,,,,,,
January,2003,1.24,,0.00,0,,,,,,,,,,
February,2003,1.26,,0.02,1,,,,,,,,,,
March,2003,1.25,,-0.01,-1,,,,,,,,,,
April,2003,1.26,,0.01,1,,,,,,,,,,
May,2003,1.26,,0.00,0,,,,,,,,,,
June,2003,1.22,,-0.03,-1,,,,,,,,,,
July,2003,1.01,,-0.17,-1,,,,,,,,,,
August,2003,1.03,,0.02,1,,,,,,,,,,
September,2003,1.01,,-0.02,-1,,,,,,,,,,
October,2003,1.01,,0.00,0,,,,,,,,,,
November,2003,1.00,,-0.01,-1,,,,,,,,,,
December,2003,0.98,,-0.02,-1,,,,,,,,,,
January,2004,1.00,,0.02,1,,,,,,,,,,
February,2004,1.01,,0.01,1,,,,,,,,,,
March,2004,1.00,,-0.01,-1,,,,,,,,,,
April,2004,1.00,,0.00,0,,,,,,,,,,
May,2004,1.00,,0.00,0,,,,,,,,,,
June,2004,1.03,,0.03,1,,,,,,,,,,
July,2004,1.26,,0.22,1,,,,,,,,,,
August,2004,1.43,,0.13,1,,,,,,,,,,
September,2004,1.61,,0.13,1,,,,,,,,,,
October,2004,1.76,,0.09,1,,,,,,,,,,
November,2004,1.93,,0.10,1,,,,,,,,,,
December,2004,2.16,,0.12,1,,,,,,,,,,
January,2005,2.28,,0.06,1,,,,,,,,,,
February,2005,2.50,,0.10,1,,,,,,,,,,
March,2005,2.63,,0.05,1,,,,,,,,,,
April,2005,2.79,,0.06,1,,,,,,,,,,
May,2005,3.00,,0.08,1,,,,,,,,,,
June,2005,3.04,,0.01,1,,,,,,,,,,
July,2005,3.26,,0.07,1,,,,,,,,,,
August,2005,3.50,,0.07,1,,,,,,,,,,
September,2005,3.62,,0.03,1,,,,,,,,,,
October,2005,3.78,,0.04,1,,,,,,,,,,
November,2005,4.00,,0.06,1,,,,,,,,,,
December,2005,4.16,,0.04,1,,,,,,,,,,
January,2006,4.29,,0.03,1,,,,,,,,,,
February,2006,4.49,,0.05,1,,,,,,,,,,
March,2006,4.59,,0.02,1,,,,,,,,,,
April,2006,4.79,,0.04,1,,,,,,,,,,
May,2006,4.94,,0.03,1,,,,,,,,,,
June,2006,4.99,,0.01,1,,,,,,,,,,
July,2006,5.24,,0.05,1,,,,,,,,,,
August,2006,5.25,,0.00,1,,,,,,,,,,
September,2006,5.25,,0.00,0,,,,,,,,,,
October,2006,5.25,,0.00,0,,,,,,,,,,
November,2006,5.25,,0.00,0,,,,,,,,,,
December,2006,5.24,,0.00,-1,,,,,,,,,,
January,2007,5.25,,0.00,1,,,,,,,,,,
February,2007,5.26,,0.00,1,,,,,,,,,,
March,2007,5.26,,0.00,0,,,,,,,,,,
April,2007,5.25,,0.00,-1,,,,,,,,,,
May,2007,5.25,,0.00,0,,,,,,,,,,
June,2007,5.25,,0.00,0,,,,,,,,,,
July,2007,5.26,,0.00,1,,,,,,,,,,
August,2007,5.02,,-0.05,-1,,,,,,,,,,
September,2007,4.94,,-0.02,-1,,,,,,,,,,
October,2007,4.76,,-0.04,-1,,,,,,,,,,
November,2007,4.49,,-0.06,-1,,,,,,,,,,
December,2007,4.24,,-0.06,-1,,,,,,,,,,
January,2008,3.94,,-0.07,-1,,,,,,,,,,
February,2008,2.98,,-0.24,-1,,,,,,,,,,
March,2008,2.61,,-0.12,-1,,,,,,,,,,
April,2008,2.28,,-0.13,-1,,,,,,,,,,
May,2008,1.98,,-0.13,-1,,,,,,,,,,
June,2008,2.00,,0.01,1,,,,,,,,,,
July,2008,2.01,,0.00,1,,,,,,,,,,
August,2008,2.00,,0.00,-1,,,,,,,,,,
September,2008,1.81,,-0.10,-1,,,,,,,,,,
October,2008,0.97,,-0.46,-1,,,,,,,,,,
November,2008,0.39,,-0.60,-1,,,,,,,,,,
December,2008,0.16,,-0.59,-1,,,,,,,,,,
January,2009,0.15,0.61,-0.06,-1,,,,,,,,,,
February,2009,0.22,0.88,0.43,1,,,,,,,,,,
March,2009,0.18,0.75,-0.14,-1,,,,,,,,,,
April,2009,0.15,0.43,-0.43,-1,,,,,,,,,,
May,2009,0.18,0.21,-0.52,-1,,,,,,,,,,
June,2009,0.21,0.02,-0.90,-1,,,,,,,,,,
July,2009,0.16,-0.12,-6.45,-1,,,,,,,,,,
August,2009,0.16,-0.28,1.41,1,,,,,,,,,,
September,2009,0.15,-0.41,0.44,1,,,,,,,,,,
October,2009,0.12,-0.47,0.17,1,,,,,,,,,,
November,2009,0.12,-0.61,0.29,1,,,,,,,,,,
December,2009,0.12,-0.15,-0.75,-1,,,,,,,,,,
January,2010,0.11,-0.45,1.91,1,,,,,,,,,,
February,2010,0.13,-0.54,0.22,1,,,,,,,,,,
March,2010,0.16,-0.48,-0.13,-1,,,,,,,,,,
April,2010,0.20,-0.47,-0.02,-1,,,,,,,,,,
May,2010,0.20,-0.48,0.04,1,,,,,,,,,,
June,2010,0.18,-0.54,0.12,1,,,,,,,,,,
July,2010,0.18,-0.59,0.09,1,,,,,,,,,,
August,2010,0.19,-0.70,0.18,1,,,,,,,,,,
September,2010,0.19,-0.80,0.14,1,,,,,,,,,,
October,2010,0.19,-1.00,0.25,1,,,,,,,,,,
November,2010,0.19,-0.96,-0.04,-1,,,,,,,,,,
December,2010,0.18,-0.88,-0.07,-1,,,,,,,,,,
January,2011,0.17,-1.01,0.14,1,,,,,,,,,,
February,2011,0.16,-1.09,0.08,1,,,,,,,,,,
March,2011,0.14,-0.99,-0.09,-1,,,,,,,,,,
April,2011,0.10,-1.07,0.08,1,,,,,,,,,,
May,2011,0.09,-1.14,0.07,1,,,,,,,,,,
June,2011,0.09,-1.12,-0.02,-1,,,,,,,,,,
July,2011,0.07,-1.19,0.06,1,,,,,,,,,,
August,2011,0.10,-1.38,0.16,1,,,,,,,,,,
September,2011,0.08,-1.40,0.02,1,,,,,,,,,,
October,2011,0.07,-1.44,0.02,1,,,,,,,,,,
November,2011,0.08,-1.48,0.03,1,,,,,,,,,,
December,2011,0.07,-1.47,-0.01,-1,,,,,,,,,,
January,2012,0.08,-1.54,0.05,1,,,,,,,,,,
February,2012,0.10,-1.45,-0.06,-1,,,,,,,,,,
March,2012,0.13,-1.27,-0.13,-1,,,,,,,,,,
April,2012,0.14,-1.26,0.00,-1,,,,,,,,,,
May,2012,0.16,-1.24,-0.02,-1,,,,,,,,,,
June,2012,0.16,-1.11,-0.10,-1,,,,,,,,,,
July,2012,0.16,-1.18,0.06,1,,,,,,,,,,
August,2012,0.13,-1.26,0.07,1,,,,,,,,,,
September,2012,0.14,-1.36,0.08,1,,,,,,,,,,
October,2012,0.16,-1.34,-0.02,-1,,,,,,,,,,
November,2012,0.16,-1.42,0.06,1,,,,,,,,,,
December,2012,0.16,-1.43,0.00,1,,,,,,,,,,
January,2013,0.14,-1.36,-0.05,-1,,,,,,,,,,
February,2013,0.15,-1.42,0.05,1,,,,,,,,,,
March,2013,0.14,-1.44,0.01,1,,,,,,,,,,
April,2013,0.15,-1.52,0.06,1,,,,,,,,,,
May,2013,0.11,-1.27,-0.17,-1,,,,,,,,,,
June,2013,0.09,-0.97,-0.24,-1,,,,,,,,,,
July,2013,0.09,-1.52,0.57,1,,,,,,,,,,
August,2013,0.08,-1.67,0.09,1,,,,,,,,,,
September,2013,0.08,-1.80,0.08,1,,,,,,,,,,
October,2013,0.09,-1.85,0.03,1,,,,,,,,,,
November,2013,0.08,-2.00,0.08,1,,,,,,,,,,
December,2013,0.09,-2.13,0.07,1,,,,,,,,,,
January,2014,0.07,-2.38,0.11,1,,,,,,,,,,
February,2014,0.07,-2.54,0.07,1,,,,,,,,,,
March,2014,0.08,-2.62,0.03,1,,,,,,,,,,
April,2014,0.09,-2.89,0.10,1,,,,,,,,,,
May,2014,0.09,-2.99,0.03,1,,,,,,,,,,
June,2014,0.10,-2.89,-0.03,-1,,,,,,,,,,
July,2014,0.09,-2.84,-0.02,-1,,,,,,,,,,
August,2014,0.09,-2.89,0.02,1,,,,,,,,,,
September,2014,0.09,-2.81,-0.03,-1,,,,,,,,,,
October,2014,0.09,-2.80,0.00,-1,,,,,,,,,,
November,2014,0.09,-2.77,-0.01,-1,,,,,,,,,,
December,2014,0.12,-2.42,-0.13,-1,,,,,,,,,,
January,2015,0.11,-2.27,-0.06,-1,,,,,,,,,,
February,2015,0.11,-1.97,-0.13,-1,,,,,,,,,,
March,2015,0.11,-1.81,-0.08,-1,,,,,,,,,,
April,2015,0.12,-1.59,-0.12,-1,,,,,,,,,,
May,2015,0.12,-1.43,-0.10,-1,,,,,,,,,,
June,2015,0.13,-1.39,-0.03,-1,,,,,,,,,,
July,2015,0.13,-1.28,-0.08,-1,,,,,,,,,,
August,2015,0.14,-0.92,-0.28,-1,,,,,,,,,,
September,2015,0.14,-0.74,-0.19,-1,,,,,,,,,,
October,2015,0.12,-0.53,-0.28,-1,,,,,,,,,,
November,2015,0.12,-0.004,-0.99,-1,,,,,,,,,,
December,2015,0.24,,1.00,1,,,,,,,,,,
January ,2016,0.34,,0.42,1,,,,,,,,,,
February ,2016,0.38,,0.12,1,,,,,,,,,,
March ,2016,0.36,,-0.05,-1,,,,,,,,,,
April ,2016,0.37,,0.03,1,,,,,,,,,,
May ,2016,0.37,,0.00,0,,,,,,,,,,
June ,2016,0.38,,0.03,1,,,,,,,,,,
July ,2016,0.39,,0.03,1,,,,,,,,,,
August ,2016,0.40,,0.03,1,,,,,,,,,,
September ,2016,0.40,,0.00,0,,,,,,,,,,
October ,2016,0.40,,0.00,0,,,,,,,,,,
November ,2016,0.41,,0.02,1,,,,,,,,,,
December ,2016,0.54,,0.32,1,,,,,,,,,,
January ,2017,0.65,,0.20,1,,,,,,,,,,
February ,2017,0.66,,0.02,1,,,,,,,,,,
March ,2017,0.79,,0.20,1,,,,,,,,,,
April ,2017,0.90,,0.14,1,,,,,,,,,,
May ,2017,0.91,,0.01,1,,,,,,,,,,
June ,2017,1.04,,0.14,1,,,,,,,,,,
July ,2017,1.15,,0.11,1,,,,,,,,,,
August ,2017,1.16,,0.01,1,,,,,,,,,,
September ,2017,1.15,,-0.01,-1,,,,,,,,,,
October ,2017,1.15,,0.00,0,,,,,,,,,,
November ,2017,1.16,,0.01,1,,,,,,,,,,
December ,2017,1.30,,0.12,1,,,,,,,,,,
January ,2018,1.41,,0.08,1,,,,,,,,,,
,,,,,,,,,,,,,,,
,,,,,,,,,,,,,,,